NAME,PASSCODE,EMAIL,PHONE,DATE OF BIRTH,EMPLOYMENT DATE,SALARY,HOURLY RATE,PREFERRED HOURS,TEAMS,AWARD TAGS,NEXT PAY GROUP,QUALIFICATIONS
Aaron Fowler,1914,aaronfowler95@gmail.com,432607024,02-11-95,12-09-16,,21.41,20,"Delivery Expert,Manager,Shift Runner","Permanent Flat Rate,Part Time - Fast Food Level 1,Laundry Allowance - Full Time,Accepted Shift Variation",Weekly,"Car Rego; expires 2020-07-31, Drivers Licence; expires 2022-12-02"
Melissa-lea Kyle,6464,mkyle361@gmail.com,417509916,26-05-95,01-06-16,,21.41,,Delivery Expert,"Accepted Shift Variation,Casual - Level 1,Permanent Flat Rate,Laundry Allowance - PT and Cas",Weekly,"Car Rego; expires 2020-05-25, Drivers Licence; expires 2022-06-18"
Blake Lavender,2131,olympus759@gmail.com,412546578,16-01-95,27-04-15,,,37,"Delivery Expert,Manager,Shift Runner","Accepted Shift Variation,Full Time - Level 1,Laundry Allowance - Full Time,Salaried",Weekly,"Car Rego; expires 2020-09-10, Drivers Licence; expires 2020-04-13"
Angus Marlow,9078,angusmarlow@gmail.com,451677875,22-07-98,29-01-15,,21.41,,"Delivery Expert,In Store","Laundry Allowance - PT and Cas,Permanent Flat Rate,Part Time - Level 1,Accepted Shift Variation,Accepted Shift Variation",Weekly,"Car Rego; expires 2020-09-29, Drivers Licence; expires 2021-05-16"
Josh Newton,2952,josh.n98@hotmail.com,459789575,03-04-98,25-06-16,,21.41,,Delivery Expert,"Accepted Shift Variation,Casual - Level 1,Laundry Allowance - PT and Cas",Weekly,"Drivers Licence; expires 2022-02-10, Car Rego; expires 2020-05-15"
Mitchell Williams,1422,mwill295@gmail.com,400760858,31-07-95,22-06-15,,,36.5,"Delivery Expert,Manager,Shift Runner","Salaried,Part Time - Level 1,Laundry Allowance - Full Time,Accepted Shift Variation,Accepted Shift Variation",Weekly,Drivers Licence; expires 2022-09-10
Sam Trezise,9741,9100210@chac.qld.edu.au,449514077,20-02-02,11-04-16,,14.99,,"Delivery Expert,In Store","Accepted Shift Variation,Casual (Previous EBA) - Level 1,Permanent Flat Rate,Laundry Allowance - PT and Cas",Weekly,Drivers Licence; expires 2020-02-19
Declan Wilkinson,2365,declan712@gmail.com,466580862,17-01-94,24-01-17,,21.41,0,Delivery Expert,"Accepted Shift Variation,Casual - Level 1,Permanent Flat Rate,Laundry Allowance - PT and Cas",Weekly,"Drivers Licence; expires 2020-10-12, Car Rego; expires 2020-12-07"
Brayden Burdon,1410,brayden.burdon@gmail.com,738487836,09-07-98,13-11-17,,21.41,0,"Delivery Expert,Shift Runner","Permanent Flat Rate,Part Time - Fast Food Level 1,Laundry Allowance - PT and Cas,Accepted Shift Variation",Weekly,"Car Rego; expires 2021-02-26, Drivers Licence; expires 2022-03-20"
Matthew Hannon,9389,hannmatt@outlook.com,473778723,09-09-99,19-02-18,,19.27,0,Delivery Expert,"Permanent Flat Rate,Part Time - Level 1,Laundry Allowance - PT and Cas,Accepted Shift Variation",Weekly,"Drivers Licence; expires 2021-12-21, Car Rego; expires 2020-10-29"
Robbie Veivers,2733,robbieveivers@outlook.com,474800473,12-05-00,06-01-19,,17.13,0,Delivery Expert,"Permanent Flat Rate,Part Time - Fast Food Level 1,Laundry Allowance - PT and Cas,Accepted Shift Variation",Weekly,"Drivers Licence; expires 2020-06-20, Car Rego; expires 2020-04-18"
Meryana Eshoa,3582,m3ryana@gmail.com,415600141,14-06-01,04-06-18,,14.99,0,"Delivery Expert,In Store","Laundry Allowance - PT and Cas,Permanent Flat Rate,Part Time - Fast Food Level 1,Accepted Shift Variation,Accepted Shift Variation",Weekly,"Car Rego; expires 2020-07-20, Drivers Licence; expires 2021-10-25"
Fletcher Newson,6492,bpv48@hotmail.com,477699870,04-04-00,06-08-18,,19.27,0,"Delivery Expert,Shift Runner","Permanent Flat Rate,Part Time - Fast Food Level 1,Laundry Allowance - PT and Cas,Accepted Shift Variation",Weekly,"Car Rego; expires 2020-04-14, Drivers Licence; expires 2020-05-21"
Sophie Berlin,9104,sophie.victoria13@hotmail.com,437344802,15-03-99,27-08-18,,21.41,0,Delivery Expert,"Permanent Flat Rate,Part Time - Fast Food Level 1,Laundry Allowance - PT and Cas,Accepted Shift Variation",Weekly,"Car Rego; expires 2020-08-21, Drivers Licence; expires 2021-05-29"
Jordan Maynard,6349,jgmdownloads@gmail.com,411963621,08-11-92,17-09-18,,21.41,0,Delivery Expert,"Permanent Flat Rate,Part Time - Fast Food Level 1,Laundry Allowance - PT and Cas,Accepted Shift Variation",Weekly,"Car Rego; expires 2020-07-09, Drivers Licence; expires 2020-09-06"
Chris Koren,3300,krispehh2308@gmail.com,427992308,23-08-94,08-10-18,,21.41,0,"Delivery Expert,Shift Runner","Laundry Allowance - PT and Cas,Permanent Flat Rate,Part Time - Fast Food Level 1,Accepted Shift Variation,Accepted Shift Variation",Weekly,"Car Rego; expires 2020-05-01, Drivers Licence; expires 2021-07-14"
Hugh Hansen,4921,hughhansen8@gmail.com,438367894,24-05-99,08-11-18,,19.27,0,Delivery Expert,"Laundry Allowance - PT and Cas,Permanent Flat Rate,Part Time - Fast Food Level 1,Accepted Shift Variation,Accepted Shift Variation",Weekly,"Car Rego; expires 2020-12-03, Drivers Licence; expires 2021-06-09"
Adrian Scott-Todd,1337,ascotttodd@gmail.com,431822991,29-06-00,17-12-18,,17.13,0,Delivery Expert,"Laundry Allowance - PT and Cas,Permanent Flat Rate,Part Time - Fast Food Level 1,Accepted Shift Variation,Accepted Shift Variation",Weekly,"Car Rego; expires 2020-11-07, Drivers Licence; expires 2023-11-15"
Charlotte Bidwell,5326,charlotte.m.bidwell@me.com,426949108,12-01-00,06-02-19,,19.27,0,Delivery Expert,"Laundry Allowance - PT and Cas,Permanent Flat Rate,Part Time - Fast Food Level 1,Accepted Shift Variation,Accepted Shift Variation",Weekly,Drivers Licence; expires 2023-04-17
Abesekh Tiruvarar Ravichandrav,1596,xcent8519@gmail.com,400182815,22-11-96,07-05-19,,21.41,0,Delivery Expert,"Permanent Flat Rate,Part Time - Fast Food Level 1,Laundry Allowance - PT and Cas,Accepted Shift Variation",Weekly,"Car Rego; expires 2020-08-27, Drivers Licence; expires 2025-01-19"
Bronte Neibling,7202,bronteneibling@outlook.com,409283779,01-06-01,17-06-19,,14.99,17,"Delivery Expert,In Store","Permanent Flat Rate,Part Time - Fast Food Level 1,Laundry Allowance - PT and Cas,Accepted Shift Variation,Accepted Shift Variation",Weekly,Drivers Licence; expires 2020-08-09
Isabella Gordon,6552,bella_rain@icloud.com,428299913,17-11-00,25-08-19,,17.13,0,"Delivery Expert,Shift Runner","Permanent Flat Rate,Part Time - Level 1,Laundry Allowance - PT and Cas,Accepted Shift Variation",Weekly,"Drivers Licence; expires 2022-12-10, Car Rego; expires 2020-04-15"
Jack Hourigan,4615,hourigan.jf@gmail.com,426188284,12-11-03,02-12-19,,10.71,0,Delivery Expert,"Accepted Shift Variation,Casual - Level 1,Permanent Flat Rate,Laundry Allowance - PT and Cas",Weekly,Drivers Licence; expires 2020-02-19
Alaye Halefom,1121,alayeonon23@gmail.com,426024497,01-01-02,02-12-19,,14.99,0,Delivery Expert,"Accepted Shift Variation,Casual - Level 1,Permanent Flat Rate,Laundry Allowance - PT and Cas",Weekly,Drivers Licence; expires 2020-03-02
Sherif Ismail,4389,sherif2k18@gmail.com,412499638,01-01-03,06-01-20,,12.85,0,Delivery Expert,"Accepted Shift Variation,Casual - Fast Food Level 1,Permanent Flat Rate,Laundry Allowance - PT and Cas",Weekly,Drivers Licence; expires 2022-09-19
Hunter Lusan-Fox,2587,hunterfox073@gmail.com,422024415,04-09-01,14-01-20,,14.99,0,Delivery Expert,"Accepted Shift Variation,Unclassified,Casual - Fast Food Level 1,Laundry Allowance - PT and Cas",Weekly,Drivers Licence; expires 2020-02-19
Chris Gillen,9316,chrisgillen02@gmail.com,413578840,21-01-02,03-02-20,,14.99,0,"Delivery Expert,In Store","Permanent Flat Rate,Casual - Fast Food Level 1,Laundry Allowance - PT and Cas,Accepted Shift Variation,Casual - Driver",Weekly,Drivers Licence; expires 2020-02-15
Ella Brumm,5968,ellagbrumm@gmail.com,478746476,29-05-01,27-02-20,,14.99,0,"Delivery Expert,In Store","Permanent Flat Rate,Casual - Fast Food Level 1,Laundry Allowance - PT and Cas,Accepted Shift Variation",Weekly,Drivers Licence; expires 2020-02-19
